Asset ID,Asset Type,Floor,Room,Installation Date,Manufacturer,Operational Time (hrs),Work Orders,Repairs,Last Serviced Date,Days,Work Remaining
1,Plumbing,5,110,5/29/2020,3,1546,8,7,10/6/2020,1076,1
2,Electrical Panel,5,102,12/12/2020,1,297,4,1,10/9/2021,708,3
3,HVAC,3,108,2/23/2021,4,2973,2,5,3/24/2021,907,-3
4,HVAC,7,112,10/5/2021,5,3146,3,8,9/11/2022,371,-5
5,HVAC,7,108,1/26/2021,4,1354,8,5,9/23/2021,724,3
6,Elevator,8,102,9/17/2020,4,3665,7,4,7/24/2021,785,3
7,HVAC,8,106,5/31/2021,2,1956,1,3,7/25/2021,784,-2
8,Fire Alarm,5,107,2/23/2020,4,3133,9,6,1/16/2021,974,3
9,Plumbing,9,110,1/28/2021,2,849,8,3,11/27/2021,659,5
10,Electrical Panel,8,111,11/4/2021,3,1905,6,7,9/12/2022,370,-1
11,Electrical Panel,5,103,12/15/2021,4,469,9,4,12/8/2022,283,5
12,Plumbing,13,107,2/9/2021,5,923,8,8,1/15/2022,610,0
13,Fire Alarm,8,109,4/2/2020,4,1967,0,4,1/7/2021,983,-4
14,Elevator,5,105,1/24/2020,4,1206,3,8,9/19/2020,1093,-5
15,Electrical Panel,1,106,4/22/2020,1,3528,1,1,8/6/2020,1137,0
16,Elevator,3,110,1/24/2021,2,4065,1,3,6/15/2021,824,-2
17,Elevator,10,109,1/3/2020,4,1786,1,5,5/31/2020,1204,-4
18,Electrical Panel,6,108,9/13/2020,1,3529,2,3,8/24/2021,754,-1
19,Elevator,10,111,5/29/2020,3,604,2,7,11/28/2020,1023,-5
20,Plumbing,5,110,4/9/2021,5,4880,4,8,12/17/2021,639,-4
21,HVAC,5,111,8/13/2021,4,1224,2,7,3/25/2022,541,-5
22,Electrical Panel,5,108,7/3/2021,4,417,9,7,9/25/2021,722,2
23,HVAC,7,106,8/25/2021,2,3707,9,5,6/10/2022,464,4
24,Electrical Panel,12,111,3/17/2020,5,4494,9,8,8/4/2020,1139,1
25,Fire Alarm,12,109,12/1/2020,2,1345,7,4,3/8/2021,923,3
26,HVAC,7,112,12/24/2021,4,790,4,7,11/16/2022,305,-3
27,Electrical Panel,9,103,5/26/2020,4,3053,0,5,10/10/2020,1072,-5
28,Elevator,4,104,5/5/2021,5,4288,7,8,4/14/2022,521,-1
29,HVAC,6,109,8/1/2021,5,3788,7,8,12/21/2021,635,-1
30,HVAC,9,105,11/27/2020,3,2207,4,7,2/22/2021,937,-3
31,HVAC,5,102,6/5/2021,2,1406,1,2,5/28/2022,477,-1
32,Electrical Panel,7,105,1/12/2021,3,3196,6,3,11/10/2021,676,3
33,Elevator,2,103,11/25/2020,3,3155,8,4,7/16/2021,793,4
34,Elevator,5,104,1/23/2020,4,3168,0,7,9/17/2020,1095,-7
35,Elevator,9,105,9/10/2021,1,1130,4,2,1/20/2022,605,2
36,Electrical Panel,8,105,10/3/2020,1,503,5,2,6/28/2021,811,3
37,Fire Alarm,9,104,9/9/2021,2,3570,8,5,8/19/2022,394,3
38,Plumbing,7,110,4/12/2021,1,2534,6,2,7/2/2021,807,4
39,HVAC,9,104,11/20/2020,3,3801,0,4,5/22/2021,848,-4
40,HVAC,6,108,1/1/2021,3,3026,0,5,3/20/2021,911,-5
41,Fire Alarm,8,106,3/20/2020,4,3507,7,5,2/20/2021,939,2
42,Plumbing,9,103,2/21/2021,3,3375,1,3,2/6/2022,588,-2
43,Fire Alarm,11,107,11/29/2020,2,4551,9,4,12/8/2020,1013,5
44,Electrical Panel,7,107,2/19/2020,5,3298,0,8,8/2/2020,1141,-8
45,Electrical Panel,5,104,5/18/2020,4,4508,5,7,1/30/2021,960,-2
46,Plumbing,5,106,1/4/2021,4,2720,8,8,8/31/2021,747,0
47,Electrical Panel,12,109,9/7/2021,4,1521,1,7,10/3/2021,714,-6
48,Plumbing,10,108,6/30/2021,3,2700,4,5,4/21/2022,514,-1
49,Elevator,12,113,10/27/2020,5,3672,1,8,4/14/2021,886,-7
50,Plumbing,1,101,9/10/2021,3,1134,8,3,2/10/2022,584,5
51,Elevator,6,102,9/14/2020,4,199,0,5,1/1/2021,989,-5
52,Fire Alarm,12,109,9/13/2020,2,457,2,5,6/29/2021,810,-3
53,Fire Alarm,5,112,5/19/2020,2,1319,8,6,3/22/2021,909,2
54,Electrical Panel,8,107,4/23/2021,5,161,4,8,12/25/2021,631,-4
55,Elevator,7,108,5/21/2021,3,2019,0,4,9/18/2021,729,-4
56,Elevator,10,103,8/17/2021,4,1954,9,6,5/21/2022,484,3
57,Elevator,5,105,4/21/2021,4,1191,9,6,8/24/2021,754,3
58,Elevator,5,101,7/28/2021,2,3903,7,2,9/20/2021,727,5
59,HVAC,10,106,11/20/2021,4,3734,7,4,2/7/2022,587,3
60,HVAC,10,104,7/10/2020,2,4835,3,4,6/28/2021,811,-1
61,Fire Alarm,9,111,9/7/2021,3,4149,6,6,6/1/2022,473,0
62,HVAC,4,107,10/11/2021,3,2752,1,6,5/19/2022,486,-5
63,Electrical Panel,8,106,1/25/2020,5,2074,8,8,11/9/2020,1042,0
64,HVAC,13,107,3/9/2020,4,2091,4,7,11/30/2020,1021,-3
65,Plumbing,6,104,4/17/2020,2,582,5,3,4/27/2020,1238,2
66,Elevator,3,106,7/20/2021,4,1949,3,6,3/8/2022,558,-3
67,Fire Alarm,7,112,4/14/2021,2,2053,1,6,2/3/2022,591,-5
68,Plumbing,8,110,12/19/2021,2,1537,8,4,10/3/2022,349,4
69,HVAC,6,102,6/6/2020,2,892,9,2,5/28/2021,842,7
70,Plumbing,7,108,7/25/2020,3,3670,5,6,1/4/2021,986,-1
71,Plumbing,3,109,9/13/2020,2,26,7,4,4/1/2021,899,3
72,Plumbing,4,111,6/11/2021,5,3717,4,8,5/20/2022,485,-4
73,HVAC,5,104,2/21/2021,2,3994,3,5,5/19/2021,851,-2
74,Plumbing,11,102,11/3/2021,2,300,7,3,5/27/2022,478,4
75,Plumbing,11,108,7/16/2020,1,282,4,2,10/24/2020,1058,2
76,Plumbing,6,108,5/17/2021,3,2904,4,6,8/7/2021,771,-2
77,Electrical Panel,4,107,4/15/2020,1,2696,0,3,10/6/2020,1076,-3
78,Plumbing,5,110,11/18/2021,5,4061,7,8,7/2/2022,442,-1
79,HVAC,3,103,5/13/2021,3,2935,5,4,4/16/2022,519,1
80,Fire Alarm,11,107,7/24/2021,2,1339,3,6,8/13/2021,765,-3
81,Electrical Panel,8,111,1/8/2021,2,789,1,6,2/3/2021,956,-5
82,Elevator,8,112,12/7/2020,3,450,2,6,9/1/2021,746,-4
83,Elevator,5,104,1/31/2020,1,3129,7,2,10/30/2020,1052,5
84,HVAC,10,109,3/1/2021,2,1077,0,5,12/18/2021,638,-5
85,Electrical Panel,6,107,1/9/2020,1,452,4,2,2/12/2020,1313,2
86,Electrical Panel,3,109,3/6/2020,2,918,5,2,3/16/2020,1280,3
87,Elevator,6,108,9/13/2021,3,2386,4,5,11/3/2021,683,-1
88,Fire Alarm,7,102,4/14/2021,3,2726,2,3,8/22/2021,756,-1
89,Plumbing,6,107,9/21/2020,2,4545,2,4,4/2/2021,898,-2
90,Fire Alarm,6,109,9/6/2020,3,859,2,5,8/2/2021,776,-3
91,Electrical Panel,11,111,2/19/2020,2,1415,1,4,4/27/2020,1238,-3
92,HVAC,3,102,1/7/2021,2,1397,7,3,7/11/2021,798,4
93,Fire Alarm,5,107,3/5/2020,4,2525,1,5,11/21/2020,1030,-4
94,Fire Alarm,6,109,8/26/2021,1,856,9,3,4/18/2022,517,6
95,Electrical Panel,2,101,2/20/2020,2,4921,7,2,2/10/2021,949,5
96,Elevator,10,111,6/25/2020,4,3532,7,8,3/1/2021,930,-1
97,Electrical Panel,6,103,4/18/2021,2,1349,3,4,12/12/2021,644,-1
98,Fire Alarm,11,111,10/31/2021,2,4652,1,6,11/3/2021,683,-5
99,Fire Alarm,5,108,8/6/2021,4,2544,7,4,5/2/2022,503,3
100,HVAC,13,106,6/22/2021,2,3494,9,6,9/24/2021,723,3
101,Fire Alarm,7,103,4/24/2021,3,4303,7,4,10/12/2021,705,3
102,HVAC,8,106,2/2/2021,4,1024,9,4,10/18/2021,699,5
103,Fire Alarm,3,102,5/6/2020,3,1459,7,4,5/11/2020,1224,3
104,Elevator,13,111,5/16/2020,4,1732,8,8,7/6/2020,1168,0
105,Fire Alarm,6,108,2/9/2020,2,4758,3,5,11/14/2020,1037,-2
106,HVAC,1,105,10/6/2020,2,3870,9,2,2/26/2021,933,7
107,HVAC,4,108,2/10/2020,3,2592,0,6,4/24/2020,1241,-6
108,HVAC,7,110,5/9/2020,4,631,9,6,12/15/2020,1006,3
109,Fire Alarm,6,106,4/17/2021,2,4703,7,5,7/20/2021,789,2
110,HVAC,3,103,3/1/2021,4,2148,5,5,1/4/2022,621,0
111,Plumbing,4,106,1/15/2021,2,2979,5,3,9/27/2021,720,2
112,Elevator,7,113,9/6/2021,5,19,5,8,9/5/2022,377,-3
113,Fire Alarm,8,109,4/14/2021,3,3729,9,7,7/10/2021,799,2
114,HVAC,7,107,10/20/2020,2,2307,5,4,10/5/2021,712,1
115,Elevator,9,109,3/19/2021,1,3772,2,2,6/26/2021,813,0
116,Fire Alarm,6,101,11/7/2021,4,1679,0,4,3/20/2022,546,-4
117,Elevator,4,110,11/3/2021,2,4969,4,4,2/11/2022,583,0
118,Plumbing,7,112,2/23/2021,4,4472,8,7,7/31/2021,778,1
119,Fire Alarm,2,106,1/22/2021,4,2966,6,4,10/8/2021,709,2
120,HVAC,3,105,7/5/2021,1,2058,1,3,7/16/2021,793,-2
121,Electrical Panel,5,110,2/25/2021,2,1068,5,5,8/29/2021,749,0
122,HVAC,5,106,5/21/2021,2,2188,6,2,6/17/2021,822,4
123,Fire Alarm,5,111,9/16/2020,5,3075,7,8,1/22/2021,968,-1
124,HVAC,4,107,2/28/2021,3,1302,4,4,7/17/2021,792,0
125,Electrical Panel,5,107,7/24/2021,2,652,7,5,1/4/2022,621,2
126,Electrical Panel,5,105,4/28/2021,2,3737,6,3,7/3/2021,806,3
127,Electrical Panel,5,104,10/3/2021,2,3162,8,5,1/5/2022,620,3
128,HVAC,6,105,5/30/2021,1,4648,0,2,4/9/2022,526,-2
129,Fire Alarm,11,108,6/7/2021,2,169,3,5,2/16/2022,578,-2
130,HVAC,7,103,1/22/2021,3,1083,6,4,11/1/2021,685,2
131,Electrical Panel,11,105,4/20/2020,4,3556,8,8,8/15/2020,1128,0
132,Plumbing,11,105,5/25/2021,3,2773,5,4,9/12/2021,735,1
133,Electrical Panel,6,107,11/30/2021,4,3526,4,7,10/9/2022,343,-3
134,Electrical Panel,7,106,5/20/2020,3,1100,8,4,6/29/2020,1175,4
135,Fire Alarm,4,108,7/20/2021,3,2695,9,4,9/9/2021,738,5
136,HVAC,5,108,2/24/2020,4,1155,9,6,6/17/2020,1187,3
137,Fire Alarm,5,111,9/15/2021,3,2552,9,6,6/27/2022,447,3
138,HVAC,5,103,12/12/2021,3,2745,5,4,5/29/2022,476,1
139,Electrical Panel,12,109,11/30/2021,4,2392,0,7,9/27/2022,355,-7
140,Electrical Panel,6,110,11/17/2020,4,177,1,6,1/6/2021,984,-5
141,Electrical Panel,4,110,4/27/2021,5,3246,2,8,7/16/2021,793,-6
142,HVAC,11,110,1/31/2020,2,3785,9,5,9/18/2020,1094,4
143,Electrical Panel,7,110,12/7/2020,5,4132,7,8,12/18/2020,1003,-1
144,Fire Alarm,9,102,8/16/2021,1,4616,7,1,5/31/2022,474,6
145,Fire Alarm,4,110,10/25/2021,3,483,4,4,2/6/2022,588,0
146,Electrical Panel,5,105,1/25/2020,3,1428,5,3,12/3/2020,1018,2
147,Plumbing,5,104,2/4/2020,1,3117,2,2,7/8/2020,1166,0
148,HVAC,3,102,9/8/2021,4,3929,2,5,8/8/2022,405,-3
149,Plumbing,9,105,3/17/2021,1,4268,4,3,9/11/2021,736,1
150,Electrical Panel,6,109,12/24/2020,1,2649,0,1,11/22/2021,664,-1
151,Plumbing,9,104,4/2/2021,4,965,5,4,10/7/2021,710,1
152,HVAC,9,112,10/26/2021,2,4094,8,6,4/3/2022,532,2
153,HVAC,6,105,6/1/2021,1,4199,5,3,9/21/2021,726,2
154,Plumbing,8,103,8/28/2020,1,3386,1,2,6/29/2021,810,-1
155,Elevator,7,106,3/28/2021,1,3014,8,2,10/15/2021,702,6
156,HVAC,8,109,2/8/2020,3,4711,8,7,9/28/2020,1084,1
157,Electrical Panel,9,106,1/19/2021,3,4625,4,4,8/14/2021,764,0
158,Electrical Panel,9,103,11/11/2020,3,17,0,3,11/22/2020,1029,-3
159,Electrical Panel,13,109,7/25/2020,5,1630,5,8,2/6/2021,953,-3
160,Elevator,8,113,3/14/2020,2,1905,7,6,12/28/2020,993,1
161,Electrical Panel,9,109,8/16/2020,3,4876,1,4,2/16/2021,943,-3
162,Plumbing,10,110,5/10/2021,1,1828,6,2,1/13/2022,612,4
163,Elevator,10,110,1/29/2020,3,672,8,7,7/2/2020,1172,1
164,HVAC,8,102,2/3/2021,2,1407,8,2,5/9/2021,861,6
165,Elevator,4,110,12/7/2021,4,2553,7,5,5/1/2022,504,2
166,Electrical Panel,9,110,2/6/2020,3,4773,5,4,1/12/2021,978,1
167,Electrical Panel,13,111,10/9/2021,5,1524,8,8,3/21/2022,545,0
168,Plumbing,3,103,11/2/2021,2,3783,1,4,11/19/2021,667,-3
169,HVAC,8,101,6/20/2020,1,4334,6,1,1/28/2021,962,5
170,HVAC,6,104,2/11/2020,2,1541,0,3,8/20/2020,1123,-3
171,Elevator,10,105,4/8/2021,1,4241,5,2,8/6/2021,772,3
172,Electrical Panel,7,105,1/17/2021,3,3602,5,5,11/18/2021,668,0
173,Electrical Panel,6,103,7/1/2020,1,2593,3,2,11/15/2020,1036,1
174,Elevator,4,109,4/28/2020,4,2698,4,7,5/23/2020,1212,-3
175,Fire Alarm,9,111,11/13/2021,4,305,6,8,4/19/2022,516,-2
176,Electrical Panel,10,103,2/19/2021,4,3593,5,5,10/17/2021,700,0
177,HVAC,4,112,3/27/2020,2,666,3,5,7/17/2020,1157,-2
178,Elevator,2,109,7/23/2021,3,2180,8,4,7/23/2021,786,4
179,Elevator,9,112,5/13/2021,4,4968,7,8,12/16/2021,640,-1
180,Plumbing,11,107,1/24/2020,3,114,7,6,9/19/2020,1093,1
181,Electrical Panel,7,108,5/4/2020,3,2277,8,6,1/20/2021,970,2
182,Electrical Panel,12,111,7/30/2021,5,1809,8,8,7/5/2022,439,0
183,HVAC,10,109,7/17/2020,4,764,6,6,12/5/2020,1016,0
184,Fire Alarm,5,107,3/9/2020,1,1511,7,3,12/27/2020,994,4
185,HVAC,7,106,7/22/2020,2,1894,8,6,10/14/2020,1068,2
186,Fire Alarm,3,104,7/27/2020,3,4710,2,4,11/11/2020,1040,-2
187,Plumbing,8,101,5/21/2021,2,570,3,2,3/3/2022,563,1
188,HVAC,2,102,12/15/2021,3,951,4,4,10/24/2022,328,0
189,HVAC,11,111,2/27/2021,2,2210,4,5,7/7/2021,802,-1
190,Electrical Panel,6,107,5/25/2021,1,4059,4,1,8/26/2021,752,3
191,HVAC,13,106,6/15/2020,5,3780,4,8,5/21/2021,849,-4
192,Electrical Panel,11,112,3/14/2021,3,2690,1,6,5/18/2021,852,-5
193,Plumbing,6,113,9/7/2021,4,2541,2,8,10/18/2021,699,-6
194,Fire Alarm,4,105,9/4/2020,2,793,5,4,11/29/2020,1022,1
195,HVAC,5,104,5/8/2020,4,2186,6,6,6/15/2020,1189,0
196,Plumbing,7,105,8/10/2021,1,531,6,3,11/10/2021,676,3
197,Electrical Panel,4,110,3/4/2021,4,1965,9,6,8/30/2021,748,3
198,Fire Alarm,5,107,2/22/2020,1,1871,2,1,10/16/2020,1066,1
199,HVAC,8,109,7/28/2020,2,2132,5,4,10/23/2020,1059,1
200,HVAC,13,107,12/22/2020,5,3509,0,8,1/19/2021,971,-8
201,Elevator,4,103,12/27/2020,2,4047,9,3,6/19/2021,820,6
202,HVAC,5,109,11/18/2021,4,4278,1,7,4/4/2022,531,-6
203,Plumbing,8,108,12/10/2021,2,3875,1,3,5/14/2022,491,-2
204,HVAC,4,104,5/4/2021,3,2920,1,3,2/10/2022,584,-2
205,HVAC,5,109,7/14/2021,2,4924,8,6,12/3/2021,653,2
206,Elevator,7,106,2/26/2021,3,3996,3,6,7/20/2021,789,-3
207,Elevator,10,102,2/6/2020,2,4524,3,2,7/12/2020,1162,1
208,Elevator,10,111,1/23/2021,4,1111,2,8,1/29/2021,961,-6
209,HVAC,5,104,7/22/2020,5,2211,3,8,9/15/2020,1097,-5
210,Fire Alarm,6,105,2/9/2020,3,1042,3,5,4/14/2020,1251,-2
211,Fire Alarm,11,110,8/9/2020,4,2638,0,7,10/29/2020,1053,-7
212,Plumbing,2,104,7/9/2020,1,3815,8,1,11/14/2020,1037,7
213,HVAC,2,108,11/16/2021,2,2084,9,2,1/4/2022,621,7
214,Elevator,11,109,4/4/2021,5,1864,4,8,2/16/2022,578,-4
215,Fire Alarm,14,107,6/9/2020,5,1392,8,8,6/10/2020,1194,0
216,HVAC,9,111,6/24/2020,3,4967,0,7,11/30/2020,1021,-7
217,Elevator,5,109,11/5/2021,4,4621,3,6,12/7/2021,649,-3
218,Plumbing,1,102,10/25/2020,3,619,0,3,9/20/2021,727,-3
219,Fire Alarm,6,103,10/25/2020,1,315,8,3,9/7/2021,740,5
220,Fire Alarm,5,104,12/30/2020,2,1263,3,4,12/9/2021,647,-1
221,Electrical Panel,9,108,7/21/2020,2,3552,0,6,11/20/2020,1031,-6
222,Elevator,3,106,3/2/2021,3,30,8,5,3/28/2021,903,3
223,Electrical Panel,2,103,7/12/2021,3,1609,1,4,3/29/2022,537,-3
224,Plumbing,12,106,4/8/2021,1,3996,6,3,9/24/2021,723,3
225,Electrical Panel,6,107,9/13/2021,4,1372,0,6,3/9/2022,557,-6
226,HVAC,9,104,9/9/2021,4,4884,6,4,3/15/2022,551,2
227,Fire Alarm,7,109,7/6/2021,5,1366,5,8,8/17/2021,761,-3
228,Electrical Panel,3,109,9/12/2021,1,2656,2,3,2/1/2022,593,-1
229,Electrical Panel,7,111,1/3/2021,4,2951,3,6,11/9/2021,677,-3
230,Elevator,8,109,3/3/2021,5,2325,5,8,5/1/2021,869,-3
231,Elevator,1,106,3/24/2021,1,596,3,1,1/24/2022,601,2
232,Electrical Panel,3,109,7/29/2021,1,2963,7,1,3/1/2022,565,6
233,HVAC,7,106,2/14/2020,1,4953,6,2,10/22/2020,1060,4
234,Electrical Panel,10,110,10/4/2021,5,851,0,8,10/14/2021,703,-8
235,HVAC,9,101,6/18/2021,1,2487,4,1,3/12/2022,554,3
236,Electrical Panel,3,104,1/15/2021,3,682,8,3,12/22/2021,634,5
237,Plumbing,9,103,1/26/2021,4,1549,4,5,5/31/2021,839,-1
238,Plumbing,7,110,7/30/2020,2,3500,9,5,9/30/2020,1082,4
239,Electrical Panel,7,109,8/15/2020,1,2651,2,1,1/1/2021,989,1
240,Elevator,2,107,11/5/2020,2,1465,2,2,9/30/2021,717,0
241,HVAC,3,106,5/16/2021,3,4257,8,5,11/14/2021,672,3
242,Plumbing,7,109,11/14/2020,4,2845,3,8,5/17/2021,853,-5
243,HVAC,6,109,2/17/2021,5,4305,4,8,8/22/2021,756,-4
244,Fire Alarm,8,111,12/25/2021,3,2637,3,5,4/12/2022,523,-2
245,Elevator,10,107,6/4/2021,5,3609,4,8,1/13/2022,612,-4
246,Elevator,5,107,6/23/2020,2,3109,2,5,6/2/2021,837,-3
247,Fire Alarm,7,107,12/16/2021,5,2830,9,8,9/6/2022,376,1
248,Elevator,12,105,9/10/2020,2,925,8,5,4/7/2021,893,3
249,Plumbing,8,102,12/13/2021,1,4999,1,1,7/22/2022,422,0
250,Fire Alarm,7,112,9/21/2021,2,1947,0,5,6/19/2022,455,-5
251,Plumbing,9,108,11/7/2020,2,4950,3,3,3/22/2021,909,0
252,Plumbing,6,106,8/3/2021,1,4376,8,3,8/27/2021,751,5
253,Fire Alarm,3,104,10/30/2020,1,3303,3,2,5/20/2021,850,1
254,HVAC,5,107,6/3/2021,5,1274,9,8,4/8/2022,527,1
255,HVAC,6,109,9/5/2020,3,3721,4,7,3/2/2021,929,-3
256,Elevator,2,109,11/8/2020,1,3003,8,2,1/19/2021,971,6
257,Fire Alarm,12,106,3/26/2020,2,873,9,5,12/5/2020,1016,4
258,Plumbing,11,107,3/27/2020,2,2231,9,4,6/9/2020,1195,5
259,HVAC,6,105,11/22/2020,1,1620,9,1,5/8/2021,862,8
260,HVAC,6,104,1/20/2020,4,4294,9,6,9/3/2020,1109,3
261,Elevator,6,108,11/14/2021,4,348,4,6,9/10/2022,372,-2
262,Elevator,5,107,11/22/2020,2,4354,1,5,5/22/2021,848,-4
263,Elevator,5,112,12/18/2020,5,2215,5,8,8/8/2021,770,-3
264,Elevator,10,108,5/22/2021,2,4511,4,5,9/14/2021,733,-1
265,Fire Alarm,5,106,12/23/2020,4,3904,5,7,1/14/2021,976,-2
266,Electrical Panel,7,101,12/8/2020,1,4863,8,1,2/21/2021,938,7
267,HVAC,14,107,12/27/2020,2,4759,7,6,8/5/2021,773,1
268,Elevator,10,107,5/19/2020,2,1719,0,6,9/1/2020,1111,-6
269,Plumbing,8,107,6/20/2020,3,192,6,3,12/17/2020,1004,3
270,HVAC,3,111,3/8/2020,2,4899,1,4,8/15/2020,1128,-3
271,Elevator,6,106,7/28/2020,3,1407,1,7,5/26/2021,844,-6
272,Elevator,6,103,11/21/2020,1,3741,9,2,7/22/2021,787,7
273,Fire Alarm,11,103,4/20/2021,2,2367,4,3,5/28/2021,842,1
274,Electrical Panel,7,102,9/14/2020,1,4049,5,2,12/19/2020,1002,3
275,Electrical Panel,4,104,11/4/2021,3,2024,1,5,6/21/2022,453,-4
276,Fire Alarm,8,109,2/28/2021,2,2258,5,3,4/16/2021,884,2
277,Plumbing,6,101,12/29/2020,3,4212,9,3,10/28/2021,689,6
278,Electrical Panel,9,111,4/13/2020,3,4271,5,7,10/31/2020,1051,-2
279,Plumbing,5,106,11/14/2021,3,1981,3,3,5/9/2022,496,0
280,HVAC,9,113,2/21/2020,4,1162,7,8,9/18/2020,1094,-1
281,HVAC,8,106,12/16/2020,4,2233,1,4,12/13/2021,643,-3
282,Electrical Panel,3,107,4/11/2021,1,1987,7,1,12/11/2021,645,6
283,Electrical Panel,6,112,3/14/2021,2,3620,0,5,8/10/2021,768,-5
284,HVAC,9,104,11/3/2020,2,3491,6,4,12/3/2020,1018,2
285,HVAC,6,105,3/5/2021,3,967,6,3,6/10/2021,829,3
286,Electrical Panel,6,108,8/20/2020,4,2806,5,6,1/27/2021,963,-1
287,HVAC,3,103,12/15/2020,4,3914,3,6,7/2/2021,807,-3
288,Electrical Panel,12,109,5/12/2020,3,465,0,6,12/28/2020,993,-6
289,Fire Alarm,9,107,11/27/2021,1,2001,6,1,3/6/2022,560,5
290,Elevator,2,102,3/8/2021,4,1404,4,4,5/12/2021,858,0
291,Electrical Panel,10,103,5/5/2021,3,1245,7,4,12/1/2021,655,3
292,Plumbing,10,106,2/8/2021,4,1979,5,6,12/15/2021,641,-1
293,Electrical Panel,9,105,2/23/2020,2,720,4,5,8/30/2020,1113,-1
294,HVAC,10,109,12/7/2021,2,4537,8,4,4/14/2022,521,4
295,Plumbing,10,101,2/8/2021,3,854,3,3,4/2/2021,898,0
296,Plumbing,6,109,2/12/2021,1,739,7,2,5/7/2021,863,5
297,Elevator,1,107,12/6/2020,4,1586,7,4,1/28/2021,962,3
298,Electrical Panel,12,109,12/4/2021,4,4963,8,8,4/19/2022,516,0
299,Fire Alarm,4,104,1/16/2020,3,592,3,4,4/3/2020,1262,-1
300,Plumbing,7,107,12/19/2020,3,117,1,6,10/9/2021,708,-5
301,Plumbing,13,110,10/7/2020,5,2459,8,8,6/22/2021,817,0
302,Fire Alarm,8,109,12/10/2020,4,1327,5,6,8/26/2021,752,-1
303,Plumbing,7,105,12/26/2020,1,450,4,3,5/21/2021,849,1
304,HVAC,2,103,8/26/2021,4,11,4,5,6/24/2022,450,-1
305,Fire Alarm,5,108,11/13/2020,3,4312,1,3,7/13/2021,796,-2
306,HVAC,7,110,10/5/2021,4,4717,1,5,6/25/2022,449,-4
307,Electrical Panel,13,113,2/7/2021,3,4609,8,7,10/13/2021,704,1
308,Electrical Panel,3,106,10/14/2021,4,349,8,5,7/3/2022,441,3
309,Electrical Panel,6,104,4/24/2020,4,4143,3,5,4/24/2020,1241,-2
310,HVAC,13,113,10/27/2020,2,1260,2,6,11/24/2020,1027,-4
311,Plumbing,1,101,1/28/2021,2,3058,6,2,2/13/2021,946,4
312,Plumbing,6,108,12/4/2021,2,434,3,6,1/16/2022,609,-3
313,Fire Alarm,3,102,1/8/2021,4,977,0,5,8/19/2021,759,-5
314,Fire Alarm,11,108,11/17/2021,3,507,0,5,9/25/2022,357,-5
315,Plumbing,13,111,4/16/2021,3,750,5,6,8/6/2021,772,-1
316,Elevator,5,108,8/4/2021,1,1877,8,1,7/17/2022,427,7
317,HVAC,10,105,11/16/2021,2,546,7,2,10/11/2022,341,5
318,HVAC,5,113,5/15/2020,4,2854,5,8,6/20/2020,1184,-3
319,HVAC,6,105,10/24/2020,3,1778,8,5,10/18/2021,699,3
320,Elevator,2,107,9/14/2021,1,361,0,2,2/28/2022,566,-2
321,Fire Alarm,10,104,2/4/2021,1,3045,1,3,10/25/2021,692,-2
322,Fire Alarm,5,112,6/27/2020,2,817,2,6,12/4/2020,1017,-4
323,HVAC,9,108,2/5/2020,3,2556,0,3,11/1/2020,1050,-3
324,Fire Alarm,3,103,10/11/2020,4,211,8,5,10/1/2021,716,3
325,HVAC,7,110,9/21/2021,3,2867,2,7,12/25/2021,631,-5
326,Plumbing,12,104,3/22/2020,2,801,8,5,4/3/2020,1262,3
327,Plumbing,9,111,2/7/2020,5,4949,0,8,6/9/2020,1195,-8
328,Fire Alarm,12,112,5/28/2021,5,3507,6,8,6/7/2021,832,-2
329,Elevator,3,105,4/10/2021,4,2941,6,4,4/15/2021,885,2
330,Fire Alarm,2,106,10/13/2020,2,71,6,2,3/5/2021,926,4
331,Electrical Panel,6,105,2/4/2020,3,1464,3,5,5/31/2020,1204,-2
332,HVAC,8,103,1/4/2020,4,2611,4,6,4/27/2020,1238,-2
333,Electrical Panel,4,112,2/21/2021,3,223,3,6,1/20/2022,605,-3
334,Fire Alarm,7,111,6/20/2020,2,4797,0,6,9/12/2020,1100,-6
335,Plumbing,9,109,12/11/2020,5,1391,3,8,7/31/2021,778,-5
336,HVAC,10,105,5/28/2021,1,706,6,2,8/16/2021,762,4
337,Fire Alarm,8,110,12/20/2020,1,1177,6,2,6/15/2021,824,4
338,Elevator,6,104,3/16/2021,4,381,6,7,3/15/2022,551,-1
339,Fire Alarm,12,112,4/13/2020,4,4083,5,8,5/9/2020,1226,-3
340,Elevator,10,105,3/23/2020,4,1489,9,6,8/18/2020,1125,3
341,Plumbing,5,112,7/7/2021,4,2251,0,7,12/28/2021,628,-7
342,Elevator,13,112,11/6/2020,3,3490,1,7,12/6/2020,1015,-6
343,Electrical Panel,9,111,11/18/2021,5,2027,4,8,7/31/2022,413,-4
344,Electrical Panel,11,102,8/27/2021,4,939,7,5,3/1/2022,565,2
345,Electrical Panel,6,108,1/31/2021,1,4897,2,3,2/27/2021,932,-1
346,Electrical Panel,8,107,7/26/2020,5,609,6,8,10/27/2020,1055,-2
347,Electrical Panel,6,110,10/8/2020,4,1012,0,7,8/27/2021,751,-7
348,Elevator,14,113,9/8/2020,5,2240,1,8,10/15/2020,1067,-7
349,Electrical Panel,4,108,8/30/2020,4,4364,1,7,7/8/2021,801,-6
350,HVAC,9,105,2/23/2020,2,241,0,6,1/20/2021,970,-6
351,Elevator,8,105,4/15/2021,1,4012,1,2,4/17/2021,883,-1
352,Plumbing,7,107,12/4/2021,1,1574,5,3,9/14/2022,368,2
353,Elevator,8,106,12/13/2020,3,2050,0,7,7/8/2021,801,-7
354,Fire Alarm,7,113,3/18/2020,3,1979,6,7,8/1/2020,1142,-1
355,Plumbing,5,104,11/4/2021,3,1214,1,4,4/11/2022,524,-3
356,Electrical Panel,6,113,4/7/2021,3,1330,0,7,7/6/2021,803,-7
357,Electrical Panel,2,109,1/8/2021,3,3738,5,3,9/18/2021,729,2
358,Fire Alarm,3,108,7/15/2020,4,3596,6,4,8/14/2020,1129,2
359,Electrical Panel,11,107,2/16/2020,5,3825,8,8,12/16/2020,1005,0
360,Plumbing,7,111,9/22/2021,2,4509,6,6,1/1/2022,624,0
361,Plumbing,11,107,11/16/2021,3,2234,0,6,12/26/2021,630,-6
362,Plumbing,5,112,4/21/2021,4,1006,9,8,4/21/2021,879,1
363,Elevator,3,109,9/27/2020,3,2807,1,4,9/25/2021,722,-3
364,Elevator,11,105,9/13/2020,2,66,7,4,6/12/2021,827,3
365,Plumbing,3,110,3/10/2021,3,3708,5,5,2/14/2022,580,0
366,Elevator,9,112,4/30/2021,2,2353,5,5,8/14/2021,764,0
367,Elevator,3,105,7/1/2020,3,3533,0,3,11/20/2020,1031,-3
368,HVAC,13,108,6/27/2020,2,2296,0,6,1/16/2021,974,-6
369,Elevator,3,103,9/1/2020,4,4095,1,6,12/18/2020,1003,-5
370,HVAC,8,106,7/6/2021,5,873,5,8,11/4/2021,682,-3
371,HVAC,5,110,11/11/2021,3,871,6,7,11/18/2021,668,-1
372,Elevator,5,106,10/31/2021,4,1695,4,5,11/29/2021,657,-1
373,Elevator,12,106,7/4/2020,3,1042,8,6,12/18/2020,1003,2
374,Elevator,2,108,6/13/2021,3,4956,9,3,12/30/2021,626,6
375,Electrical Panel,11,108,9/30/2021,3,2881,5,7,3/16/2022,550,-2
376,HVAC,9,112,9/23/2020,3,4537,5,7,12/30/2020,991,-2
377,Electrical Panel,9,106,10/26/2020,4,4510,8,6,12/17/2020,1004,2
378,Plumbing,12,104,8/13/2020,1,405,9,3,7/5/2021,804,6
379,Elevator,10,108,8/9/2020,2,4980,1,5,11/20/2020,1031,-4
380,Plumbing,5,106,1/25/2021,2,3363,2,2,7/13/2021,796,0
381,Electrical Panel,10,106,1/6/2020,2,2018,8,4,5/23/2020,1212,4
382,HVAC,7,107,7/15/2020,5,3254,5,8,6/15/2021,824,-3
383,Fire Alarm,13,105,3/26/2021,5,832,6,8,6/13/2021,826,-2
384,Elevator,12,107,2/28/2021,4,4857,7,7,10/23/2021,694,0
385,Plumbing,1,105,5/3/2021,1,4270,2,1,9/27/2021,720,1
386,Plumbing,11,107,8/3/2020,4,608,4,6,9/14/2020,1098,-2
387,Plumbing,9,109,11/23/2021,2,2216,6,4,11/6/2022,315,2
388,Electrical Panel,3,104,1/13/2021,4,4420,0,4,12/2/2021,654,-4
389,Electrical Panel,11,112,10/24/2021,4,3123,3,8,10/20/2022,332,-5
390,Fire Alarm,13,108,7/7/2021,5,56,3,8,5/5/2022,500,-5
391,Electrical Panel,6,101,4/30/2020,4,4084,6,4,11/30/2020,1021,2
392,HVAC,5,102,7/25/2020,1,1125,3,2,8/21/2020,1122,1
393,HVAC,8,101,7/17/2021,3,3559,9,3,9/28/2021,719,6
394,Plumbing,12,104,11/10/2021,5,2114,1,8,8/18/2022,395,-7
395,Elevator,8,109,6/20/2021,3,4979,7,7,11/12/2021,674,0
396,Plumbing,10,107,2/1/2020,2,545,3,3,12/11/2020,1010,0
397,HVAC,10,107,10/22/2021,2,2971,3,3,8/11/2022,402,0
398,HVAC,11,104,10/20/2021,1,2925,3,2,12/27/2021,629,1
399,HVAC,13,104,4/25/2021,2,3542,9,5,1/25/2022,600,4
400,Plumbing,5,108,12/25/2021,2,1834,1,2,6/28/2022,446,-1
401,Fire Alarm,7,104,3/29/2020,3,1030,1,5,8/8/2020,1135,-4
402,Elevator,5,104,4/25/2021,3,1629,0,6,6/26/2021,813,-6
403,Fire Alarm,4,111,8/26/2021,3,2080,6,6,12/9/2021,647,0
404,Fire Alarm,11,110,4/11/2021,5,2213,9,8,9/2/2021,745,1
405,Elevator,9,110,5/30/2020,1,1674,9,3,5/2/2021,868,6
406,HVAC,6,104,4/27/2021,4,4928,8,7,2/8/2022,586,1
407,HVAC,4,107,11/21/2021,3,515,8,5,9/14/2022,368,3
408,Plumbing,2,110,5/23/2021,1,2713,1,2,4/12/2022,523,-1
409,Plumbing,7,106,3/19/2020,3,716,8,3,6/28/2020,1176,5
410,Fire Alarm,5,106,6/3/2021,5,195,4,8,10/27/2021,690,-4
411,Elevator,9,108,6/7/2021,3,1762,3,5,5/24/2022,481,-2
412,Elevator,9,106,12/4/2021,4,219,9,5,4/10/2022,525,4
413,Electrical Panel,6,106,12/15/2021,3,3121,4,7,11/6/2022,315,-3
414,Electrical Panel,6,101,11/10/2020,3,4609,8,3,3/6/2021,925,5
415,Fire Alarm,7,107,7/4/2021,2,2824,9,6,2/1/2022,593,3
416,Plumbing,1,106,6/18/2020,4,4198,3,4,7/22/2020,1152,-1
417,HVAC,6,108,2/4/2020,5,4193,9,8,7/21/2020,1153,1
418,HVAC,9,105,7/28/2020,2,95,9,4,2/19/2021,940,5
419,Fire Alarm,7,108,3/2/2021,2,669,0,2,5/30/2021,840,-2
420,Elevator,7,107,3/11/2020,2,3836,7,5,6/21/2020,1183,2
421,Electrical Panel,7,107,5/11/2020,3,4046,1,4,6/3/2020,1201,-3
422,Plumbing,8,110,4/1/2020,3,1763,0,6,3/9/2021,922,-6
423,Elevator,12,109,11/10/2021,5,4184,8,8,10/18/2022,334,0
424,Plumbing,4,109,8/1/2020,4,2349,1,4,10/3/2020,1079,-3
425,Plumbing,5,103,4/17/2020,4,3462,5,6,10/9/2020,1073,-1
426,Fire Alarm,11,105,1/16/2021,5,2322,3,8,2/17/2021,942,-5
427,Electrical Panel,11,104,7/9/2021,4,4769,9,5,11/5/2021,681,4
428,Electrical Panel,5,110,11/8/2021,4,4092,9,7,9/5/2022,377,2
429,HVAC,6,102,4/17/2020,4,2568,0,4,7/11/2020,1163,-4
430,Elevator,3,107,4/18/2021,3,846,3,4,11/20/2021,666,-1
431,Elevator,12,108,5/14/2021,3,2537,5,5,4/9/2022,526,0
432,Electrical Panel,8,107,12/9/2021,5,699,5,8,6/18/2022,456,-3
433,Plumbing,2,104,11/23/2021,1,3623,1,1,3/11/2022,555,0
434,HVAC,2,105,3/31/2021,4,1688,3,5,2/22/2022,572,-2
435,HVAC,10,106,4/3/2020,3,1545,5,5,2/1/2021,958,0
436,Plumbing,7,112,1/2/2020,5,3425,1,8,11/9/2020,1042,-7
437,HVAC,12,108,1/24/2020,2,255,0,4,11/14/2020,1037,-4
438,Plumbing,11,110,8/3/2020,3,2610,3,7,1/6/2021,984,-4
439,HVAC,6,103,12/10/2020,1,4824,4,2,5/1/2021,869,2
440,Electrical Panel,7,111,12/11/2020,4,1423,5,6,4/6/2021,894,-1
441,HVAC,4,108,11/21/2020,2,1262,9,2,12/21/2020,1000,7
442,HVAC,10,112,3/21/2020,4,2374,9,8,5/24/2020,1211,1
443,Elevator,5,102,12/17/2020,2,2877,9,2,11/2/2021,684,7
444,HVAC,7,103,8/28/2020,1,401,6,3,1/14/2021,976,3
445,Plumbing,12,107,12/5/2021,3,111,5,5,9/24/2022,358,0
446,Electrical Panel,5,111,5/13/2021,4,1473,3,8,9/18/2021,729,-5
447,HVAC,5,105,12/19/2020,2,4994,9,6,4/17/2021,883,3
448,Electrical Panel,13,107,3/30/2021,3,3104,1,6,3/29/2022,537,-5
449,Electrical Panel,8,106,2/22/2020,3,2518,9,5,12/8/2020,1013,4
450,HVAC,3,107,7/30/2021,2,2428,2,4,8/17/2021,761,-2
451,Elevator,7,102,3/11/2020,3,4618,4,3,12/24/2020,997,1
452,Fire Alarm,7,104,11/27/2020,2,2014,0,5,3/25/2021,906,-5
453,HVAC,9,105,9/2/2020,4,904,1,4,4/5/2021,895,-3
454,Fire Alarm,12,109,4/11/2020,2,3093,9,4,11/7/2020,1044,5
455,HVAC,7,109,5/18/2021,1,3703,5,1,3/3/2022,563,4
456,Electrical Panel,4,104,6/21/2021,4,2245,2,5,3/13/2022,553,-3
457,HVAC,6,106,3/11/2021,5,2331,1,8,9/23/2021,724,-7
458,Fire Alarm,8,103,10/7/2021,4,2266,8,4,2/15/2022,579,4
459,Electrical Panel,8,102,1/13/2020,1,3392,3,1,5/1/2020,1234,2
460,HVAC,9,103,7/4/2020,3,1632,3,5,7/16/2020,1158,-2
461,Elevator,11,105,8/4/2021,2,1806,7,5,6/29/2022,445,2
462,Plumbing,6,107,1/14/2020,2,3608,4,2,6/1/2020,1203,2
463,HVAC,11,106,12/28/2020,4,2883,5,5,9/9/2021,738,0
464,Elevator,11,107,10/22/2020,3,3401,6,5,6/8/2021,831,1
465,Fire Alarm,12,109,9/13/2020,4,1350,2,7,1/7/2021,983,-5
466,Elevator,2,104,2/12/2021,1,4163,7,1,7/10/2021,799,6
467,Plumbing,9,111,10/29/2021,4,3484,2,8,9/1/2022,381,-6
468,Elevator,11,105,11/1/2021,2,4716,6,6,5/21/2022,484,0
469,HVAC,9,107,8/4/2020,4,3781,9,8,4/11/2021,889,1
470,Elevator,5,103,2/12/2021,4,1,2,6,3/9/2021,922,-4
471,HVAC,12,112,4/4/2020,3,1169,0,7,5/19/2020,1216,-7
472,Fire Alarm,12,111,9/25/2021,2,431,9,5,6/11/2022,463,4
473,Plumbing,8,104,1/1/2021,2,436,4,4,1/20/2021,970,0
474,Elevator,9,106,11/3/2021,2,4649,7,3,5/1/2022,504,4
475,Plumbing,11,110,5/9/2021,2,2072,1,3,4/19/2022,516,-2
476,Elevator,14,105,3/27/2020,4,1988,6,8,6/9/2020,1195,-2
477,Plumbing,9,106,10/10/2021,4,1093,3,6,12/3/2021,653,-3
478,Elevator,14,109,5/30/2021,5,2708,6,8,12/12/2021,644,-2
479,Fire Alarm,14,111,9/4/2021,3,3907,0,7,1/16/2022,609,-7
480,Fire Alarm,5,103,11/23/2021,2,4442,1,3,1/30/2022,595,-2
481,HVAC,11,105,7/25/2020,4,1857,5,5,9/3/2020,1109,0
482,Elevator,6,106,4/10/2021,3,2216,7,5,7/15/2021,794,2
483,Fire Alarm,12,107,12/10/2020,4,4464,4,8,5/11/2021,859,-4
484,Fire Alarm,5,107,3/29/2020,1,4454,1,3,5/18/2020,1217,-2
485,Plumbing,12,108,4/9/2020,5,2990,8,8,3/30/2021,901,0
486,Fire Alarm,5,108,8/30/2020,5,405,2,8,7/31/2021,778,-6
487,Fire Alarm,4,106,7/23/2020,4,4522,4,4,2/10/2021,949,0
488,HVAC,4,110,12/6/2020,3,1876,1,4,6/2/2021,837,-3
489,Electrical Panel,4,106,1/8/2020,3,3788,8,5,6/20/2020,1184,3
490,Plumbing,12,111,3/27/2020,2,3414,0,6,8/20/2020,1123,-6
491,Fire Alarm,9,106,7/26/2020,4,3092,3,4,11/13/2020,1038,-1
492,Electrical Panel,11,107,2/2/2020,2,4205,2,5,8/1/2020,1142,-3
493,Electrical Panel,10,108,2/3/2020,5,777,2,8,12/24/2020,997,-6
494,Fire Alarm,8,108,11/29/2020,4,3259,1,4,2/5/2021,954,-3
495,HVAC,8,101,10/3/2021,4,612,4,4,3/20/2022,546,0
496,Elevator,5,111,5/30/2021,2,4095,7,5,11/18/2021,668,2
497,HVAC,10,109,2/27/2021,3,745,9,7,3/11/2021,920,2
498,Fire Alarm,11,105,9/5/2020,4,3647,7,8,9/10/2020,1102,-1
499,Plumbing,6,106,3/22/2021,3,2332,6,3,3/31/2021,900,3
500,Elevator,10,105,3/3/2020,1,4478,6,2,12/12/2020,1009,4
501,Elevator,10,108,9/4/2021,1,2675,3,2,5/19/2022,486,1
502,Fire Alarm,3,109,10/10/2020,3,2444,8,4,2/10/2021,949,4
503,Fire Alarm,6,101,9/2/2021,4,1764,0,4,6/8/2022,466,-4
504,Plumbing,4,105,12/31/2020,1,109,4,2,7/27/2021,782,2
505,HVAC,13,106,8/18/2020,5,3351,4,8,9/2/2020,1110,-4
506,Plumbing,6,101,3/7/2021,3,1211,0,3,4/14/2021,886,-3
507,Fire Alarm,3,109,12/2/2020,3,1273,4,4,11/18/2021,668,0
508,Plumbing,11,103,8/28/2020,3,2166,2,5,12/4/2020,1017,-3
509,Fire Alarm,6,112,4/24/2020,5,2249,2,8,10/23/2020,1059,-6
510,Elevator,8,103,5/26/2021,1,231,3,1,7/27/2021,782,2
511,Plumbing,13,105,7/20/2020,4,1871,9,8,3/1/2021,930,1
512,Electrical Panel,10,107,10/27/2021,5,11,8,8,9/24/2022,358,0
513,Elevator,2,108,3/24/2021,4,2057,6,5,5/10/2021,860,1
514,Electrical Panel,4,103,5/16/2021,2,218,2,4,8/13/2021,765,-2
515,Fire Alarm,11,110,3/21/2020,3,1419,7,4,10/26/2020,1056,3
516,Electrical Panel,8,106,5/24/2021,1,4225,1,3,7/12/2021,797,-2
517,HVAC,4,106,9/4/2021,3,2969,5,5,1/9/2022,616,0
518,Fire Alarm,9,111,1/8/2020,3,2040,4,7,6/24/2020,1180,-3
519,Electrical Panel,14,111,2/11/2021,4,3308,8,8,12/23/2021,633,0
520,Fire Alarm,11,109,8/29/2020,2,1111,9,4,9/4/2020,1108,5
521,HVAC,5,107,10/23/2020,2,4884,8,4,8/16/2021,762,4
522,Electrical Panel,11,105,7/4/2021,3,4913,3,5,3/23/2022,543,-2
523,Electrical Panel,8,110,7/3/2021,2,4416,6,6,2/17/2022,577,0
524,Elevator,7,108,9/17/2021,4,1694,5,7,1/26/2022,599,-2
525,Electrical Panel,11,106,9/5/2021,5,4261,3,8,4/4/2022,531,-5
526,Electrical Panel,5,101,3/28/2021,4,2621,6,4,3/5/2022,561,2
527,Fire Alarm,12,105,8/14/2020,3,4054,3,6,12/21/2020,1000,-3
528,HVAC,5,107,9/7/2020,4,4201,1,5,7/12/2021,797,-4
529,Plumbing,8,110,11/1/2020,4,3463,9,8,1/26/2021,964,1
530,HVAC,5,112,6/26/2021,5,2753,8,8,2/7/2022,587,0
531,HVAC,10,107,4/20/2021,3,1144,2,5,6/20/2021,819,-3
532,Electrical Panel,8,103,11/23/2020,4,429,3,6,5/24/2021,846,-3
533,Plumbing,7,108,12/18/2021,1,4638,5,2,5/29/2022,476,3
534,Plumbing,8,102,12/30/2021,4,1477,7,4,7/13/2022,431,3
535,HVAC,10,104,2/25/2021,2,3088,2,4,11/10/2021,676,-2
536,Fire Alarm,7,107,9/7/2020,2,1579,3,5,4/30/2021,870,-2
537,Plumbing,5,103,11/5/2020,1,1406,3,3,2/20/2021,939,0
538,Plumbing,2,104,9/7/2021,3,535,9,3,1/4/2022,621,6
539,HVAC,4,103,10/10/2021,3,1192,5,4,5/26/2022,479,1
540,Elevator,10,104,1/26/2020,2,1968,7,2,10/31/2020,1051,5
541,Plumbing,6,102,2/27/2021,2,2855,0,2,11/4/2021,682,-2
542,HVAC,13,109,9/15/2020,3,3499,1,7,8/2/2021,776,-6
543,Elevator,11,110,5/3/2021,2,764,7,4,3/20/2022,546,3
544,HVAC,11,109,11/21/2021,1,1935,8,3,8/5/2022,408,5
545,HVAC,6,108,7/28/2020,3,3508,6,6,8/17/2020,1126,0
546,Fire Alarm,3,106,9/8/2021,4,1772,3,4,11/23/2021,663,-1
547,Electrical Panel,10,108,9/7/2021,4,4862,6,5,3/28/2022,538,1
548,Elevator,7,103,9/1/2021,4,1692,1,6,8/18/2022,395,-5
549,Electrical Panel,4,107,1/4/2020,2,3569,0,4,2/11/2020,1314,-4
550,Elevator,3,105,1/27/2020,4,3604,9,5,7/29/2020,1145,4
551,Elevator,5,112,3/13/2021,4,3334,3,8,12/15/2021,641,-5
552,Plumbing,6,104,4/21/2020,2,927,0,5,4/2/2021,898,-5
553,Fire Alarm,4,103,7/10/2020,2,1241,4,4,1/15/2021,975,0
554,Fire Alarm,10,111,9/12/2020,1,2286,9,3,9/4/2021,743,6
555,HVAC,4,107,1/4/2021,4,3469,3,7,11/28/2021,658,-4
556,Electrical Panel,6,110,4/23/2021,2,111,3,5,8/25/2021,753,-2
557,HVAC,12,108,9/19/2021,1,1601,6,3,6/1/2022,473,3
558,Fire Alarm,7,111,3/17/2021,3,601,1,6,6/26/2021,813,-5
559,HVAC,8,107,3/6/2020,2,1583,6,5,11/16/2020,1035,1
560,Fire Alarm,11,104,9/10/2021,2,4650,1,3,11/30/2021,656,-2
561,Fire Alarm,7,112,11/23/2020,4,2198,6,7,12/25/2020,996,-1
562,Elevator,2,103,11/14/2021,4,1859,0,5,7/20/2022,424,-5
563,HVAC,1,104,8/4/2021,2,1171,9,2,9/28/2021,719,7
564,Elevator,10,112,2/28/2021,4,3357,6,7,10/2/2021,715,-1
565,HVAC,6,105,9/5/2021,3,758,4,4,5/25/2022,480,0
566,Fire Alarm,4,106,10/21/2021,2,1492,8,2,7/3/2022,441,6
567,Fire Alarm,7,105,2/4/2020,3,4461,5,6,2/19/2020,1306,-1
568,Plumbing,5,106,8/1/2020,2,2974,3,5,3/22/2021,909,-2
569,Elevator,5,111,3/29/2020,3,1708,4,7,3/20/2021,911,-3
570,Electrical Panel,10,106,8/29/2021,4,1487,4,6,5/27/2022,478,-2
571,HVAC,13,107,12/6/2021,5,2003,4,8,3/8/2022,558,-4
572,Electrical Panel,10,109,10/2/2021,5,2981,5,8,5/7/2022,498,-3
573,Plumbing,7,108,8/4/2020,4,2100,7,8,5/9/2021,861,-1
574,Fire Alarm,13,110,12/31/2020,5,1344,8,8,7/13/2021,796,0
575,Elevator,12,105,5/31/2021,5,1553,5,8,6/17/2021,822,-3
576,Electrical Panel,12,104,3/5/2020,1,4753,9,3,4/21/2020,1244,6
577,Elevator,7,106,2/24/2021,2,1447,3,2,7/20/2021,789,1
578,Fire Alarm,8,112,7/26/2021,2,4712,2,5,10/22/2021,695,-3
579,Elevator,5,107,11/21/2021,2,3971,1,5,8/12/2022,401,-4
580,Elevator,10,104,7/2/2020,3,1338,0,4,11/29/2020,1022,-4
581,HVAC,6,103,4/13/2021,3,3584,7,3,11/16/2021,670,4
582,Electrical Panel,8,108,12/2/2021,4,2329,1,7,10/27/2022,325,-6
583,Plumbing,6,110,4/7/2021,2,2388,4,4,1/3/2022,622,0
584,Elevator,6,109,1/23/2020,3,3677,4,3,9/2/2020,1110,1
585,Elevator,9,110,3/24/2020,4,4545,0,5,11/21/2020,1030,-5
586,Plumbing,7,106,11/13/2020,1,3982,7,1,9/10/2021,737,6
587,Electrical Panel,8,107,6/16/2020,3,742,2,4,7/12/2020,1162,-2
588,Fire Alarm,13,107,11/28/2021,2,260,5,5,6/12/2022,462,0
589,HVAC,7,111,1/31/2020,4,2269,6,7,9/23/2020,1089,-1
590,Plumbing,4,107,12/6/2020,4,2493,4,4,4/10/2021,890,0
591,Elevator,5,103,2/8/2021,1,2320,3,3,6/26/2021,813,0
592,Fire Alarm,12,113,3/18/2021,3,3266,1,7,2/21/2022,573,-6
593,HVAC,4,106,8/4/2021,1,2638,0,1,1/26/2022,599,-1
594,Plumbing,14,110,4/3/2021,2,3434,9,6,1/31/2022,594,3
595,Elevator,13,107,12/10/2020,5,689,9,8,2/17/2021,942,1
596,Electrical Panel,8,111,7/22/2020,2,24,2,4,9/6/2020,1106,-2
597,Plumbing,10,108,9/9/2020,2,4501,6,2,6/18/2021,821,4
598,Elevator,13,109,11/22/2020,4,1544,7,8,2/23/2021,936,-1
599,Fire Alarm,4,108,12/6/2021,3,712,0,3,12/13/2021,643,-3
600,Plumbing,9,102,3/12/2021,2,4165,1,2,11/26/2021,660,-1
601,HVAC,8,106,6/9/2021,2,1632,8,4,12/19/2021,637,4
602,Electrical Panel,14,110,9/15/2021,3,4352,7,7,6/26/2022,448,0
603,Plumbing,4,112,8/9/2020,4,4907,8,7,7/10/2021,799,1
604,Plumbing,11,109,1/10/2020,4,2419,4,7,3/21/2020,1275,-3
605,Electrical Panel,4,112,7/20/2021,5,262,7,8,9/6/2021,741,-1
606,Fire Alarm,3,109,11/26/2021,2,4494,9,3,8/8/2022,405,6
607,HVAC,8,105,4/29/2021,4,1372,6,5,4/22/2022,513,1
608,Elevator,9,108,9/26/2021,2,4405,8,4,4/13/2022,522,4
609,Fire Alarm,9,111,7/3/2020,5,1053,8,8,6/21/2021,818,0
610,Elevator,10,110,11/1/2020,2,4050,1,6,7/21/2021,788,-5
611,HVAC,9,105,10/3/2020,2,4957,9,3,9/6/2021,741,6
612,Fire Alarm,8,104,2/25/2021,4,2170,9,5,3/31/2021,900,4
613,Plumbing,2,105,4/12/2021,3,741,1,4,9/24/2021,723,-3
614,Fire Alarm,4,104,1/17/2021,3,131,4,5,1/9/2022,616,-1
615,Elevator,7,107,8/2/2021,4,3146,0,4,11/9/2021,677,-4
616,Plumbing,7,104,10/20/2020,2,3495,9,2,6/9/2021,830,7
617,Electrical Panel,5,108,10/5/2021,3,96,6,3,7/5/2022,439,3
618,Fire Alarm,7,112,4/13/2021,5,416,2,8,7/29/2021,780,-6
619,Fire Alarm,3,106,3/30/2020,4,2318,5,4,4/17/2020,1248,1
620,Plumbing,7,105,6/18/2020,2,3551,7,4,8/30/2020,1113,3
621,Fire Alarm,6,103,5/18/2021,1,2914,2,2,9/28/2021,719,0
622,Plumbing,8,112,1/23/2020,4,1859,2,8,6/6/2020,1198,-6
623,Electrical Panel,2,106,4/30/2021,4,2957,8,4,5/22/2021,848,4
624,Fire Alarm,2,102,11/18/2020,3,2385,6,4,8/18/2021,760,2
625,Elevator,11,108,7/23/2021,5,3389,0,8,1/7/2022,618,-8
626,Fire Alarm,10,111,10/29/2021,3,3362,2,6,1/18/2022,607,-4
627,Plumbing,3,104,5/9/2021,2,1634,3,4,8/9/2021,769,-1
628,Plumbing,12,103,8/31/2020,3,1522,1,5,7/15/2021,794,-4
629,Elevator,11,111,8/17/2020,2,452,5,4,3/21/2021,910,1
630,Elevator,12,104,2/28/2020,3,2965,5,5,8/6/2020,1137,0
631,Plumbing,8,110,4/30/2020,1,4130,2,3,10/23/2020,1059,-1
632,Plumbing,3,108,6/5/2020,4,858,1,4,1/18/2021,972,-3
633,Fire Alarm,10,107,8/15/2020,1,1736,8,1,1/19/2021,971,7
634,Plumbing,12,104,10/16/2020,4,3534,5,7,3/21/2021,910,-2
635,Elevator,9,110,9/22/2021,3,2979,2,7,4/25/2022,510,-5
636,Fire Alarm,5,106,4/3/2021,3,2764,2,3,6/15/2021,824,-1
637,Plumbing,3,109,8/19/2020,2,3537,1,4,10/31/2020,1051,-3
638,Electrical Panel,4,107,4/1/2021,3,106,0,4,10/20/2021,697,-4
639,Elevator,7,105,4/10/2021,1,465,9,2,1/12/2022,613,7
640,Electrical Panel,12,108,8/5/2020,5,1248,6,8,12/7/2020,1014,-2
641,Fire Alarm,11,112,10/12/2020,5,4273,7,8,10/16/2020,1066,-1
642,Elevator,5,107,6/16/2020,2,4619,3,5,4/22/2021,878,-2
643,Fire Alarm,4,104,3/1/2021,1,322,1,1,10/18/2021,699,0
644,HVAC,6,107,10/16/2020,2,790,8,5,7/11/2021,798,3
645,Elevator,4,110,9/17/2021,4,3369,8,7,3/29/2022,537,1
646,Fire Alarm,6,107,4/30/2020,1,2235,5,3,9/17/2020,1095,2
647,Electrical Panel,4,104,9/9/2020,4,205,0,5,2/4/2021,955,-5
648,Fire Alarm,3,106,6/6/2021,2,3939,1,2,10/25/2021,692,-1
649,Plumbing,6,105,8/11/2021,5,941,9,8,4/12/2022,523,1
650,Plumbing,7,112,7/13/2021,2,4403,4,5,8/8/2021,770,-1
651,Electrical Panel,7,110,1/21/2021,2,1948,1,3,8/2/2021,776,-2
652,Fire Alarm,6,110,11/5/2020,5,2386,1,8,10/24/2021,693,-7
653,Elevator,8,109,11/21/2020,4,2156,4,4,11/26/2020,1025,0
654,Electrical Panel,9,107,2/7/2021,5,919,0,8,7/31/2021,778,-8
655,Fire Alarm,4,101,1/19/2021,1,3338,3,1,11/6/2021,680,2
656,HVAC,10,107,2/5/2021,2,1933,9,2,5/20/2021,850,7
657,Plumbing,8,108,4/16/2021,2,3917,7,6,6/2/2021,837,1
658,Electrical Panel,4,105,9/14/2021,4,3075,6,7,9/14/2021,733,-1
659,Fire Alarm,7,108,2/28/2020,1,1164,3,1,7/26/2020,1148,2
660,HVAC,7,112,11/7/2021,2,2035,4,5,3/22/2022,544,-1
661,Plumbing,10,107,1/31/2021,4,2941,1,7,10/16/2021,701,-6
662,HVAC,12,110,11/15/2021,1,4870,3,3,3/27/2022,539,0
663,Electrical Panel,10,111,2/25/2021,4,2868,8,8,8/28/2021,750,0
664,Fire Alarm,2,108,4/28/2020,2,1439,1,2,6/1/2020,1203,-1
665,HVAC,10,107,2/12/2021,4,887,1,4,4/7/2021,893,-3
666,HVAC,7,110,11/16/2021,3,3371,7,6,12/8/2021,648,1
667,HVAC,4,108,6/29/2020,3,661,6,3,1/22/2021,968,3
668,Elevator,12,111,12/1/2021,3,269,9,5,11/1/2022,320,4
669,HVAC,10,108,1/26/2021,3,1325,8,5,11/30/2021,656,3
670,Fire Alarm,10,108,1/24/2020,3,540,3,4,10/29/2020,1053,-1
671,Fire Alarm,5,104,3/10/2020,3,1341,8,3,2/23/2021,936,5
672,Fire Alarm,8,108,9/20/2020,1,4506,4,1,3/12/2021,919,3
673,Plumbing,13,107,4/21/2020,2,306,8,6,12/29/2020,992,2
674,HVAC,13,111,10/11/2021,4,1551,2,7,8/24/2022,389,-5
675,Electrical Panel,9,113,7/16/2020,2,1133,0,6,3/19/2021,912,-6
676,Plumbing,4,105,10/8/2020,3,2599,9,5,6/6/2021,833,4
677,Elevator,6,104,6/29/2021,2,4635,5,2,3/30/2022,536,3
678,Fire Alarm,1,102,4/13/2021,4,2726,7,4,1/21/2022,604,3
679,Elevator,8,113,7/30/2021,4,534,6,8,2/25/2022,569,-2
680,Plumbing,11,106,6/10/2020,4,3909,1,8,10/25/2020,1057,-7
681,Elevator,5,102,3/24/2020,2,3926,6,3,7/24/2020,1150,3
682,Plumbing,2,102,4/2/2021,3,3905,6,4,4/25/2021,875,2
683,Elevator,5,107,9/15/2020,2,1975,1,3,8/8/2021,770,-2
684,Fire Alarm,11,106,6/12/2021,3,4767,4,7,6/6/2022,468,-3
685,HVAC,13,109,5/6/2020,3,957,4,6,5/4/2021,866,-2
686,Fire Alarm,10,105,3/28/2020,4,4377,8,8,8/12/2020,1131,0
687,Fire Alarm,4,106,9/18/2021,2,2024,5,4,6/21/2022,453,1
688,Fire Alarm,8,109,1/26/2020,4,2887,3,4,4/15/2020,1250,-1
689,HVAC,7,104,5/2/2020,3,1209,3,6,12/31/2020,990,-3
690,Fire Alarm,5,109,12/21/2021,3,4663,2,3,4/9/2022,526,-1
691,Plumbing,11,108,2/10/2020,3,2833,4,6,5/27/2020,1208,-2
692,Elevator,4,110,11/12/2020,4,1974,8,7,9/8/2021,739,1
693,HVAC,6,103,12/3/2020,4,3328,3,6,1/13/2021,977,-3
694,Electrical Panel,8,104,5/21/2021,3,2787,1,5,2/10/2022,584,-4
695,Plumbing,9,110,9/10/2020,3,1229,6,5,10/3/2020,1079,1
696,HVAC,7,103,5/12/2021,4,2812,0,4,12/3/2021,653,-4
697,Elevator,10,109,3/1/2021,4,4360,3,6,7/26/2021,783,-3
698,HVAC,8,107,2/26/2021,4,319,4,7,1/15/2022,610,-3
699,Plumbing,8,105,7/23/2020,1,3466,5,1,1/23/2021,967,4
700,Plumbing,6,108,7/17/2020,3,4825,6,6,4/7/2021,893,0
701,Electrical Panel,2,107,1/2/2021,4,84,6,5,2/17/2021,942,1
702,Fire Alarm,2,101,10/7/2020,3,4356,9,3,6/15/2021,824,6
703,Elevator,10,104,10/16/2020,3,443,6,6,2/23/2021,936,0
704,Plumbing,9,112,4/7/2021,3,3111,3,6,4/12/2021,888,-3
705,Plumbing,10,107,7/16/2020,1,2766,3,1,12/24/2020,997,2
706,Elevator,6,108,1/10/2020,4,2798,5,5,3/18/2020,1278,0
707,Plumbing,9,105,2/7/2020,4,2171,9,4,10/10/2020,1072,5
708,Electrical Panel,10,111,12/24/2020,1,560,9,3,8/6/2021,772,6
709,Electrical Panel,11,103,3/24/2020,1,1310,9,3,3/19/2021,912,6
710,Fire Alarm,9,110,1/13/2021,2,1027,1,4,3/19/2021,912,-3
711,HVAC,6,110,3/10/2021,3,2058,5,7,1/11/2022,614,-2
712,Elevator,6,108,9/25/2021,3,1173,7,4,7/21/2022,423,3
713,Electrical Panel,9,104,6/5/2021,2,4009,3,2,2/8/2022,586,1
714,Electrical Panel,10,105,3/1/2021,2,2938,0,6,2/25/2022,569,-6
715,Electrical Panel,3,106,1/27/2020,2,1377,2,3,3/19/2020,1277,-1
716,Electrical Panel,10,106,1/10/2021,2,4321,5,5,1/14/2021,976,0
717,Fire Alarm,3,102,9/22/2021,1,3251,4,1,10/18/2021,699,3
718,Plumbing,10,110,3/3/2020,1,3276,8,3,8/14/2020,1129,5
719,Electrical Panel,7,103,6/9/2020,1,564,0,2,11/30/2020,1021,-2
720,Fire Alarm,11,104,9/29/2021,2,3522,1,5,10/6/2021,711,-4
721,HVAC,11,104,10/12/2020,1,1881,7,2,1/28/2021,962,5
722,Plumbing,10,111,2/2/2020,2,2538,0,5,10/29/2020,1053,-5
723,HVAC,8,110,3/26/2021,2,2526,1,3,9/27/2021,720,-2
724,Plumbing,6,111,2/10/2021,4,2396,7,6,6/16/2021,823,1
725,Plumbing,14,105,6/24/2020,3,910,7,7,4/16/2021,884,0
726,Plumbing,13,110,2/10/2020,4,13,6,7,8/21/2020,1122,-1
727,Fire Alarm,4,106,8/27/2020,4,2657,5,4,3/28/2021,903,1
728,Elevator,5,105,2/12/2021,4,3862,0,4,5/25/2021,845,-4
729,HVAC,6,109,1/9/2021,3,3316,6,4,8/7/2021,771,2
730,Plumbing,6,109,10/16/2021,4,906,2,8,11/16/2021,670,-6
731,Plumbing,7,104,5/29/2021,2,4739,9,5,1/9/2022,616,4
732,Electrical Panel,14,111,7/14/2020,3,3231,2,7,2/15/2021,944,-5
733,Electrical Panel,7,106,6/29/2021,4,1009,9,5,4/9/2022,526,4
734,Fire Alarm,5,110,10/19/2020,3,1408,2,6,11/5/2020,1046,-4
735,Plumbing,10,105,5/8/2020,2,1560,4,2,6/16/2020,1188,2
736,HVAC,8,101,2/20/2020,3,340,9,3,7/13/2020,1161,6
737,HVAC,9,106,10/21/2020,2,4651,5,5,12/18/2020,1003,0
738,Electrical Panel,8,112,9/25/2020,3,730,6,6,9/26/2020,1086,0
739,Electrical Panel,6,111,9/29/2021,4,3031,5,7,9/25/2022,357,-2
740,Elevator,1,109,9/28/2020,4,3937,2,4,8/3/2021,775,-2
741,Plumbing,12,110,1/27/2020,5,1370,5,8,12/17/2020,1004,-3
742,Plumbing,11,108,11/27/2021,5,3231,5,8,10/4/2022,348,-3
743,Electrical Panel,6,109,12/4/2020,5,3624,6,8,10/12/2021,705,-2
744,Electrical Panel,3,110,11/4/2021,3,4319,6,4,2/11/2022,583,2
745,Electrical Panel,6,109,9/3/2020,3,1288,1,7,2/9/2021,950,-6
746,Elevator,11,107,1/22/2021,2,4529,8,3,5/6/2021,864,5
747,Elevator,9,105,7/24/2021,2,3748,1,3,9/27/2021,720,-2
748,Elevator,6,106,3/12/2020,2,4958,5,3,3/7/2021,924,2
749,Plumbing,9,103,2/27/2020,2,4282,3,2,10/7/2020,1075,1
750,Elevator,7,103,10/22/2021,4,4341,2,4,6/3/2022,471,-2
751,Plumbing,5,111,1/3/2021,4,1232,0,7,5/29/2021,841,-7
752,Electrical Panel,7,110,4/17/2021,3,2340,0,7,12/5/2021,651,-7
753,Plumbing,13,107,5/25/2021,4,1723,9,8,3/7/2022,559,1
754,HVAC,8,105,3/1/2020,4,235,9,7,11/26/2020,1025,2
755,Fire Alarm,12,109,6/6/2021,3,4204,3,7,1/5/2022,620,-4
756,Electrical Panel,13,108,7/17/2021,5,1295,0,8,2/25/2022,569,-8
757,HVAC,11,104,12/29/2021,2,2061,1,4,5/17/2022,488,-3
758,Fire Alarm,13,113,9/13/2020,4,3737,5,8,9/6/2021,741,-3
759,HVAC,4,103,3/11/2020,4,1744,6,4,11/2/2020,1049,2
760,Fire Alarm,5,108,1/26/2020,4,2866,1,6,4/13/2020,1252,-5
761,Fire Alarm,9,112,4/1/2020,3,302,4,6,12/28/2020,993,-2
762,Elevator,7,103,10/30/2020,3,130,6,3,3/14/2021,917,3
763,HVAC,9,109,11/21/2020,3,3233,4,7,10/17/2021,700,-3
764,HVAC,7,108,5/8/2021,1,4572,1,2,4/13/2022,522,-1
765,Electrical Panel,11,105,9/9/2021,3,4698,0,6,2/17/2022,577,-6
766,Plumbing,14,107,1/24/2020,5,1434,1,8,2/11/2020,1314,-7
767,HVAC,5,111,3/14/2021,3,3528,0,7,8/31/2021,747,-7
768,HVAC,7,106,10/7/2020,2,4435,2,5,3/11/2021,920,-3
769,Electrical Panel,9,104,4/6/2021,2,411,7,5,1/11/2022,614,2
770,Electrical Panel,9,104,6/9/2021,3,2777,2,6,8/17/2021,761,-4
771,Elevator,12,111,3/7/2020,3,3288,2,7,9/18/2020,1094,-5
772,Plumbing,11,109,5/19/2021,1,364,3,3,10/24/2021,693,0
773,Plumbing,2,104,11/12/2021,3,1956,1,4,2/15/2022,579,-3
774,Elevator,7,108,10/3/2021,2,1676,6,6,7/20/2022,424,0
775,Electrical Panel,10,106,2/28/2020,3,4316,4,6,3/25/2020,1271,-2
776,Electrical Panel,8,103,7/18/2021,1,4164,3,3,8/10/2021,768,0
777,Electrical Panel,3,108,3/17/2021,4,69,3,5,10/3/2021,714,-2
778,HVAC,8,104,6/10/2021,4,1196,4,6,5/6/2022,499,-2
779,Plumbing,5,108,12/22/2020,2,2810,2,5,3/31/2021,900,-3
780,Plumbing,11,106,5/15/2020,2,1649,5,3,9/2/2020,1110,2
781,Fire Alarm,5,105,3/14/2020,1,1784,6,3,11/18/2020,1033,3
782,Fire Alarm,6,108,4/18/2020,3,492,1,5,12/5/2020,1016,-4
783,HVAC,3,105,7/15/2021,1,3440,4,3,3/11/2022,555,1
784,HVAC,5,105,5/31/2021,1,414,0,2,1/27/2022,598,-2
785,Plumbing,4,106,1/17/2020,2,288,6,5,3/9/2020,1287,1
786,Fire Alarm,3,105,5/24/2020,1,1365,0,2,12/28/2020,993,-2
787,Elevator,5,111,9/6/2020,3,4035,5,5,10/21/2020,1061,0
788,Electrical Panel,5,105,3/27/2021,4,3957,8,6,12/11/2021,645,2
789,Plumbing,7,108,7/1/2020,3,3217,8,6,5/16/2021,854,2
790,Elevator,5,108,9/15/2020,2,4498,2,2,3/20/2021,911,0
791,HVAC,9,107,6/28/2021,5,2723,8,8,11/25/2021,661,0
792,Electrical Panel,10,105,11/28/2021,2,4922,4,3,3/15/2022,551,1
793,HVAC,8,106,11/22/2020,4,4395,9,6,1/12/2021,978,3
794,Fire Alarm,6,111,10/30/2021,3,371,2,7,12/18/2021,638,-5
795,Elevator,9,105,10/29/2021,4,2145,5,6,1/10/2022,615,-1
796,Electrical Panel,2,106,6/26/2020,2,969,8,2,5/27/2021,843,6
797,Electrical Panel,10,109,8/5/2020,2,2203,8,2,5/20/2021,850,6
798,HVAC,10,111,11/27/2020,3,4031,4,6,9/14/2021,733,-2
799,Plumbing,6,108,12/15/2021,5,688,6,8,8/24/2022,389,-2
800,Elevator,7,105,7/13/2020,3,225,1,4,9/11/2020,1101,-3
801,Electrical Panel,10,111,11/27/2020,2,4491,4,5,10/11/2021,706,-1
802,Electrical Panel,5,105,8/11/2021,1,4333,4,3,7/25/2022,419,1
803,Fire Alarm,7,107,4/13/2021,3,1518,6,7,11/26/2021,660,-1
804,Elevator,12,103,10/11/2021,4,4513,3,6,1/1/2022,624,-3
805,Elevator,7,112,2/5/2020,5,2190,2,8,9/26/2020,1086,-6
806,Electrical Panel,13,105,3/11/2021,3,1390,5,7,5/6/2021,864,-2
807,Elevator,11,110,10/8/2021,2,2719,6,6,6/29/2022,445,0
808,Elevator,5,106,5/25/2021,1,3903,2,2,7/12/2021,797,0
809,Electrical Panel,9,113,6/27/2021,2,3605,3,6,12/27/2021,629,-3
810,Electrical Panel,5,110,10/10/2020,4,666,7,7,3/9/2021,922,0
811,HVAC,7,105,1/11/2020,2,2542,8,2,3/13/2020,1283,6
812,HVAC,11,106,11/19/2021,3,2433,1,7,9/28/2022,354,-6
813,HVAC,10,108,8/5/2020,2,1976,6,3,3/6/2021,925,3
814,HVAC,11,108,9/5/2021,3,835,8,5,6/22/2022,452,3
815,Elevator,13,113,12/1/2020,2,4945,5,6,9/24/2021,723,-1
816,Fire Alarm,6,108,6/22/2021,4,2334,4,4,12/31/2021,625,0
817,Electrical Panel,4,106,7/29/2020,4,993,2,5,5/24/2021,846,-3
818,Electrical Panel,4,104,2/2/2020,4,2058,1,5,2/13/2020,1312,-4
819,Plumbing,8,105,2/7/2020,2,1273,4,4,6/22/2020,1182,0
820,Fire Alarm,14,105,8/17/2021,2,3718,8,6,10/12/2021,705,2
821,Fire Alarm,9,105,3/18/2020,3,517,7,6,5/13/2020,1222,1
822,Electrical Panel,9,109,12/24/2021,2,2346,2,6,8/21/2022,392,-4
823,Fire Alarm,3,106,8/27/2020,3,198,5,4,7/4/2021,805,1
824,Plumbing,6,108,6/17/2020,3,1702,2,7,9/18/2020,1094,-5
825,Elevator,12,104,8/21/2020,3,2565,1,6,1/4/2021,986,-5
826,HVAC,12,109,5/8/2020,2,2718,4,5,2/9/2021,950,-1
827,Plumbing,5,110,6/15/2020,2,4667,2,3,2/14/2021,945,-1
828,HVAC,1,109,11/16/2020,4,8,1,4,6/8/2021,831,-3
829,Electrical Panel,11,109,5/30/2021,3,375,3,4,11/17/2021,669,-1
830,Elevator,6,106,5/13/2020,2,1622,7,5,1/19/2021,971,2
831,Plumbing,13,109,10/1/2020,5,4879,0,8,4/22/2021,878,-8
832,Fire Alarm,8,106,12/16/2021,3,4710,5,7,1/18/2022,607,-2
833,Elevator,9,108,7/30/2021,1,2414,6,3,9/13/2021,734,3
834,Plumbing,8,106,9/21/2021,5,2548,3,8,11/11/2021,675,-5
835,Elevator,8,102,10/21/2020,1,3934,1,1,6/18/2021,821,0
836,Electrical Panel,7,104,4/18/2020,4,4102,5,5,11/20/2020,1031,0
837,Fire Alarm,9,110,6/18/2020,5,2058,4,8,5/11/2021,859,-4
838,HVAC,8,112,6/13/2021,5,4764,5,8,1/12/2022,613,-3
839,HVAC,13,109,11/15/2021,3,1927,8,7,8/27/2022,386,1
840,HVAC,10,109,10/20/2021,1,1520,1,3,6/11/2022,463,-2
841,Plumbing,3,103,3/23/2021,1,3586,0,2,11/9/2021,677,-2
842,Elevator,11,109,1/25/2021,2,3399,7,5,1/18/2022,607,2
843,Fire Alarm,8,110,12/1/2021,4,4275,4,6,2/5/2022,589,-2
844,Fire Alarm,5,106,2/27/2021,3,2323,3,3,8/16/2021,762,0
845,Plumbing,4,108,1/19/2021,4,3678,2,7,2/25/2021,934,-5
846,Fire Alarm,8,111,10/20/2020,3,4222,0,5,6/18/2021,821,-5
847,Fire Alarm,8,103,7/2/2021,2,1307,3,2,5/24/2022,481,1
848,Elevator,13,111,5/15/2020,5,47,2,8,7/3/2020,1171,-6
849,Elevator,3,103,7/11/2021,1,2583,3,2,2/24/2022,570,1
850,Elevator,8,110,5/26/2021,2,954,9,3,7/3/2021,806,6
851,Plumbing,7,108,10/6/2021,2,4958,1,2,5/7/2022,498,-1
852,Plumbing,13,105,12/11/2021,4,2003,2,7,5/29/2022,476,-5
853,Plumbing,2,103,7/4/2021,3,1160,6,4,6/6/2022,468,2
854,Fire Alarm,4,103,11/5/2021,1,1677,9,2,4/14/2022,521,7
855,HVAC,9,108,2/16/2021,2,678,6,2,4/4/2021,896,4
856,Fire Alarm,7,109,9/21/2020,2,810,5,2,12/12/2020,1009,3
857,Elevator,11,108,2/20/2020,5,3123,1,8,11/29/2020,1022,-7
858,HVAC,4,106,2/12/2021,4,2116,7,4,1/9/2022,616,3
859,Electrical Panel,5,102,2/4/2021,1,4902,5,1,9/5/2021,742,4
860,HVAC,7,104,3/26/2020,3,3643,9,5,2/17/2021,942,4
861,Elevator,8,104,9/23/2020,4,1983,9,7,11/24/2020,1027,2
862,Elevator,4,110,6/9/2020,3,437,2,5,5/18/2021,852,-3
863,Elevator,5,107,1/27/2021,3,1390,6,3,7/14/2021,795,3
864,Elevator,8,107,7/6/2020,2,1650,7,6,2/2/2021,957,1
865,Electrical Panel,12,110,4/30/2021,2,1441,4,5,9/25/2021,722,-1
866,HVAC,12,107,3/30/2021,1,88,1,3,11/4/2021,682,-2
867,Electrical Panel,5,104,4/19/2021,4,3292,3,6,12/28/2021,628,-3
868,Fire Alarm,5,104,4/16/2020,2,3797,9,5,7/17/2020,1157,4
869,HVAC,8,105,2/15/2020,1,2420,4,1,6/6/2020,1198,3
870,Fire Alarm,12,108,10/22/2021,5,2756,2,8,9/18/2022,364,-6
871,Fire Alarm,6,110,4/13/2021,4,1385,6,6,4/19/2021,881,0
872,Fire Alarm,5,102,12/18/2021,3,2129,0,4,11/19/2022,302,-4
873,Elevator,13,104,6/11/2020,4,3737,2,7,11/17/2020,1034,-5
874,HVAC,5,112,9/17/2020,5,959,5,8,10/12/2020,1070,-3
875,Plumbing,10,103,7/14/2021,2,4260,5,4,8/12/2021,766,1
876,HVAC,10,109,6/20/2021,3,550,5,5,10/24/2021,693,0
877,Elevator,7,106,12/6/2021,4,4450,5,5,4/12/2022,523,0
878,HVAC,5,108,9/7/2021,2,3539,4,3,11/15/2021,671,1
879,Elevator,9,109,7/24/2020,3,4964,0,4,1/25/2021,965,-4
880,HVAC,10,108,8/16/2020,3,3305,7,4,2/23/2021,936,3
881,HVAC,6,107,4/26/2021,1,1867,4,1,7/7/2021,802,3
882,Fire Alarm,9,110,7/23/2020,5,1093,3,8,6/12/2021,827,-5
883,Electrical Panel,6,105,6/12/2021,4,333,2,8,3/28/2022,538,-6
884,HVAC,12,112,2/27/2020,3,1982,7,7,7/27/2020,1147,0
885,Plumbing,9,108,6/1/2021,1,3554,2,3,7/20/2021,789,-1
886,Electrical Panel,2,103,1/14/2021,1,430,1,1,1/26/2021,964,0
887,Plumbing,11,105,1/9/2020,3,1564,0,5,1/10/2020,1346,-5
888,HVAC,6,109,2/3/2020,5,12,6,8,4/14/2020,1251,-2
889,Elevator,6,104,11/6/2020,2,2353,4,5,10/20/2021,697,-1
890,HVAC,1,105,11/16/2020,2,1531,0,2,4/1/2021,899,-2
891,Fire Alarm,3,108,2/20/2021,2,3286,8,2,8/13/2021,765,6
892,Elevator,9,108,4/24/2021,3,2455,9,7,2/22/2022,572,2
893,Plumbing,7,111,5/5/2021,2,2590,1,4,10/21/2021,696,-3
894,HVAC,12,110,6/4/2020,5,4532,2,8,8/31/2020,1112,-6
895,HVAC,5,107,12/21/2021,1,3853,1,1,2/23/2022,571,0
896,Elevator,10,108,3/28/2020,2,1522,7,4,11/9/2020,1042,3
897,HVAC,6,103,2/15/2020,2,4282,0,2,3/31/2020,1265,-2
898,Electrical Panel,5,109,10/22/2021,4,3324,1,6,7/20/2022,424,-5
899,Plumbing,5,108,12/5/2021,2,2834,8,3,1/13/2022,612,5
900,HVAC,3,108,10/9/2021,3,2063,4,5,6/24/2022,450,-1
901,HVAC,12,105,4/18/2021,5,78,1,8,2/10/2022,584,-7
902,Elevator,13,106,7/12/2020,4,774,5,7,4/5/2021,895,-2
903,Fire Alarm,7,102,9/3/2021,4,2243,4,4,8/20/2022,393,0
904,Plumbing,12,109,11/14/2020,1,3142,9,3,5/31/2021,839,6
905,Electrical Panel,13,106,4/4/2020,5,3805,8,8,10/9/2020,1073,0
906,Electrical Panel,5,108,2/22/2021,3,3251,8,6,4/20/2021,880,2
907,Elevator,10,105,8/8/2020,1,4955,9,3,2/26/2021,933,6
908,Electrical Panel,9,104,8/14/2020,3,1562,2,5,1/31/2021,959,-3
909,Fire Alarm,9,106,12/9/2020,3,925,3,3,5/31/2021,839,0
910,HVAC,6,104,11/21/2020,1,2396,2,2,6/18/2021,821,0
911,Plumbing,4,102,12/11/2020,4,3389,1,4,3/31/2021,900,-3
912,HVAC,7,107,5/29/2020,3,3772,6,4,1/16/2021,974,2
913,Elevator,6,106,11/30/2021,3,3983,8,6,8/30/2022,383,2
914,HVAC,1,107,10/8/2021,3,4601,8,3,4/7/2022,528,5
915,Fire Alarm,6,111,12/2/2021,3,4187,5,7,10/29/2022,323,-2
916,Electrical Panel,9,107,12/24/2021,4,2208,8,8,9/28/2022,354,0
917,Plumbing,5,105,1/23/2020,4,113,1,8,9/7/2020,1105,-7
918,Fire Alarm,10,109,6/19/2021,2,4494,9,6,10/10/2021,707,3
919,Elevator,10,107,3/26/2020,3,2884,7,4,7/28/2020,1146,3
920,Plumbing,6,110,3/17/2020,4,2393,4,6,6/1/2020,1203,-2
921,HVAC,13,107,10/24/2021,2,1504,6,5,5/11/2022,494,1
922,Elevator,6,111,3/1/2020,3,3340,4,7,1/14/2021,976,-3
923,HVAC,9,109,12/19/2021,2,3945,2,5,3/10/2022,556,-3
924,Fire Alarm,10,106,7/4/2020,3,1339,0,3,8/27/2020,1116,-3
925,Fire Alarm,2,104,2/11/2020,2,820,7,3,6/25/2020,1179,4
926,Elevator,10,102,8/4/2021,1,1202,1,2,2/2/2022,592,-1
927,Electrical Panel,3,107,11/10/2021,1,120,0,2,5/28/2022,477,-2
928,Elevator,9,104,4/3/2021,1,3700,1,3,6/26/2021,813,-2
929,Electrical Panel,12,106,3/21/2021,1,1875,1,3,5/9/2021,861,-2
930,Elevator,9,102,12/12/2020,3,2904,2,4,12/23/2020,998,-2
931,Elevator,4,110,2/14/2021,2,2425,1,4,6/18/2021,821,-3
932,Plumbing,8,105,12/24/2021,2,1711,1,5,9/19/2022,363,-4
933,Electrical Panel,13,107,6/23/2020,5,4695,5,8,10/13/2020,1069,-3
934,Electrical Panel,12,110,9/20/2021,2,2314,5,5,11/3/2021,683,0
935,Fire Alarm,10,109,5/24/2020,2,2005,5,5,10/11/2020,1071,0
936,HVAC,8,107,10/3/2021,3,1078,7,3,12/17/2021,639,4
937,Fire Alarm,6,107,7/30/2020,3,862,8,3,2/21/2021,938,5
938,Electrical Panel,9,103,11/30/2020,4,1945,9,5,9/1/2021,746,4
939,Plumbing,13,110,6/5/2021,5,695,6,8,11/14/2021,672,-2
940,Electrical Panel,8,107,5/7/2021,1,3807,7,3,2/5/2022,589,4
941,HVAC,4,110,11/15/2020,1,3119,8,3,2/25/2021,934,5
942,HVAC,6,108,3/20/2021,2,1518,7,3,4/20/2021,880,4
943,Elevator,10,106,6/12/2020,4,411,5,6,8/20/2020,1123,-1
944,Plumbing,12,106,12/21/2020,3,3417,6,6,10/24/2021,693,0
945,Fire Alarm,10,106,5/16/2020,3,731,8,5,1/2/2021,988,3
946,Plumbing,9,108,7/22/2021,1,1680,0,2,3/19/2022,547,-2
947,Elevator,12,108,1/6/2021,3,2491,9,5,5/8/2021,862,4
948,Electrical Panel,11,109,12/26/2020,4,3141,8,5,9/14/2021,733,3
949,HVAC,3,110,6/22/2020,1,1680,5,3,6/22/2020,1182,2
950,Electrical Panel,10,110,7/8/2020,5,1843,9,8,11/7/2020,1044,1
951,Electrical Panel,8,111,12/30/2021,5,1628,3,8,5/10/2022,495,-5
952,Elevator,8,106,10/27/2020,2,0,9,2,12/29/2020,992,7
953,Fire Alarm,3,109,6/10/2021,4,4819,8,4,12/8/2021,648,4
954,Electrical Panel,10,109,5/11/2021,3,535,1,6,3/10/2022,556,-5
955,HVAC,6,106,5/21/2020,3,4852,2,5,7/18/2020,1156,-3
956,HVAC,7,109,7/24/2021,3,4718,4,4,9/6/2021,741,0
957,Fire Alarm,11,105,12/29/2020,4,806,3,6,5/1/2021,869,-3
958,Fire Alarm,13,111,9/9/2020,4,2728,4,7,12/16/2020,1005,-3
959,Elevator,7,104,8/7/2021,2,4834,6,3,11/18/2021,668,3
960,Plumbing,5,110,2/21/2020,2,2687,5,6,7/9/2020,1165,-1
961,HVAC,8,102,9/14/2021,1,911,4,2,5/14/2022,491,2
962,Electrical Panel,10,103,6/6/2020,3,2122,5,3,6/18/2020,1186,2
963,Elevator,4,111,8/11/2020,1,1307,0,3,10/26/2020,1056,-3
964,Fire Alarm,9,106,4/4/2020,2,2355,5,6,4/21/2020,1244,-1
965,Electrical Panel,12,113,9/21/2020,5,892,2,8,7/26/2021,783,-6
966,Plumbing,7,104,9/11/2021,3,426,1,4,8/22/2022,391,-3
967,Fire Alarm,3,109,3/26/2021,2,1510,1,2,11/16/2021,670,-1
968,Plumbing,7,107,2/26/2020,4,718,1,4,12/13/2020,1008,-3
969,Plumbing,5,109,12/1/2020,3,1839,7,3,5/4/2021,866,4
970,HVAC,12,108,3/16/2021,4,3409,2,8,1/21/2022,604,-6
971,HVAC,5,108,11/13/2021,3,252,9,4,5/13/2022,492,5
972,Plumbing,11,109,4/12/2020,2,3241,0,6,3/6/2021,925,-6
973,HVAC,8,101,12/23/2020,4,4332,5,4,6/11/2021,828,1
974,Fire Alarm,1,107,8/4/2020,3,899,5,3,8/17/2020,1126,2
975,Plumbing,8,108,9/18/2020,4,3568,2,5,10/14/2020,1068,-3
976,Plumbing,5,104,11/27/2021,3,3189,4,3,2/18/2022,576,1
977,Elevator,7,109,8/14/2020,3,1945,6,7,2/5/2021,954,-1
978,Elevator,5,110,1/30/2021,2,4312,9,3,8/3/2021,775,6
979,Elevator,7,111,11/2/2021,4,2924,6,8,5/24/2022,481,-2
980,Elevator,4,104,8/30/2020,5,3287,3,8,2/28/2021,931,-5
981,Electrical Panel,13,104,8/11/2021,3,2045,5,6,12/4/2021,652,-1
982,Elevator,10,108,7/5/2020,4,2383,8,8,8/23/2020,1120,0
983,Fire Alarm,11,108,3/24/2021,2,2069,2,4,8/18/2021,760,-2
984,Electrical Panel,2,108,7/30/2021,3,4120,9,3,12/27/2021,629,6
985,Fire Alarm,4,104,9/24/2021,5,2115,3,8,1/2/2022,623,-5
986,Elevator,14,113,2/27/2020,3,4646,3,7,5/10/2020,1225,-4
987,Plumbing,7,102,10/18/2021,1,4588,9,2,8/13/2022,400,7
988,Electrical Panel,14,106,10/6/2021,3,142,2,7,10/24/2021,693,-5
989,Plumbing,6,108,12/22/2020,3,2629,0,6,2/12/2021,947,-6
990,Fire Alarm,2,101,5/30/2021,3,698,3,3,9/15/2021,732,0
991,Fire Alarm,8,107,1/24/2021,5,4457,3,8,1/29/2021,961,-5
992,Electrical Panel,4,108,9/8/2020,3,4675,4,6,10/4/2020,1078,-2
993,Fire Alarm,11,113,2/20/2020,5,240,5,8,11/17/2020,1034,-3
994,Electrical Panel,5,107,1/18/2021,3,2259,0,7,1/29/2021,961,-7
995,Fire Alarm,11,106,6/19/2020,2,2130,0,5,6/21/2020,1183,-5
996,Plumbing,12,110,12/25/2021,3,363,4,5,6/26/2022,448,-1
997,HVAC,5,108,3/8/2021,1,4785,5,2,8/25/2021,753,3
998,Elevator,10,105,9/28/2020,4,1649,4,5,1/30/2021,960,-1
999,Elevator,6,104,8/17/2020,3,4481,2,4,3/11/2021,920,-2
1000,HVAC,8,110,8/21/2020,4,1671,7,7,1/8/2021,982,0
